{
    "$schema": "http://schema.management.azure.com/schemas/2015-01-01/deploymentTemplate.json#",
    "contentVersion": "1.0.0.0",
    "parameters": {
        "factoryName": {
            "type": "string",
            "metadata": "Data Factory name",
            "defaultValue": "CsiFetch"
        },
        "AzureDataLakeStorage1_accountKey": {
            "type": "secureString",
            "metadata": "Secure string for 'accountKey' of 'AzureDataLakeStorage1'"
        },
        "MySqlConnect_password": {
            "type": "secureString",
            "metadata": "Secure string for 'password' of 'MySqlConnect'"
        },
        "AzureDataLakeStorage1_properties_typeProperties_url": {
            "type": "string",
            "defaultValue": "https://fetch.dfs.core.windows.net/"
        },
        "HttpServer1_properties_typeProperties_url": {
            "type": "string",
            "defaultValue": "https://restcountries.com/"
        },
        "MySqlConnect_properties_typeProperties_server": {
            "type": "string",
            "defaultValue": "127.0.0.1"
        },
        "MySqlConnect_properties_typeProperties_database": {
            "type": "string",
            "defaultValue": "student"
        },
        "MySqlConnect_properties_typeProperties_username": {
            "type": "string",
            "defaultValue": "root"
        },
        "EventTrigger_properties_typeProperties_scope": {
            "type": "string",
            "defaultValue": "/subscriptions/39b339e2-feb3-420f-bc2a-7359b7eaccd2/resourceGroups/CSI_PROJECT/providers/Microsoft.Storage/storageAccounts/fetch"
        }
    },
    "variables": {
        "factoryId": "[concat('Microsoft.DataFactory/factories/', parameters('factoryName'))]"
    },
    "resources": [
        {
            "name": "[concat(parameters('factoryName'), '/AzureDataLakeStorage1')]",
            "type": "Microsoft.DataFactory/factories/linkedServices",
            "apiVersion": "2018-06-01",
            "properties": {
                "annotations": [],
                "type": "AzureBlobFS",
                "typeProperties": {
                    "url": "[parameters('AzureDataLakeStorage1_properties_typeProperties_url')]",
                    "accountKey": {
                        "type": "SecureString",
                        "value": "[parameters('AzureDataLakeStorage1_accountKey')]"
                    }
                }
            },
            "dependsOn": []
        },
        {
            "name": "[concat(parameters('factoryName'), '/HttpServer1')]",
            "type": "Microsoft.DataFactory/factories/linkedServices",
            "apiVersion": "2018-06-01",
            "properties": {
                "annotations": [],
                "type": "HttpServer",
                "typeProperties": {
                    "url": "[parameters('HttpServer1_properties_typeProperties_url')]",
                    "enableServerCertificateValidation": true,
                    "authenticationType": "Anonymous"
                }
            },
            "dependsOn": []
        },
        {
            "name": "[concat(parameters('factoryName'), '/MySqlConnect')]",
            "type": "Microsoft.DataFactory/factories/linkedServices",
            "apiVersion": "2018-06-01",
            "properties": {
                "annotations": [],
                "type": "MySql",
                "typeProperties": {
                    "server": "[parameters('MySqlConnect_properties_typeProperties_server')]",
                    "port": 3306,
                    "database": "[parameters('MySqlConnect_properties_typeProperties_database')]",
                    "username": "[parameters('MySqlConnect_properties_typeProperties_username')]",
                    "sslMode": 1,
                    "useSystemTrustStore": 0,
                    "password": {
                        "type": "SecureString",
                        "value": "[parameters('MySqlConnect_password')]"
                    },
                    "driverVersion": "v2"
                },
                "connectVia": {
                    "referenceName": "integrationRuntimeSystem",
                    "type": "IntegrationRuntimeReference"
                }
            },
            "dependsOn": [
                "[concat(variables('factoryId'), '/integrationRuntimes/integrationRuntimeSystem')]"
            ]
        },
        {
            "name": "[concat(parameters('factoryName'), '/trigger1')]",
            "type": "Microsoft.DataFactory/factories/triggers",
            "apiVersion": "2018-06-01",
            "properties": {
                "annotations": [],
                "runtimeState": "Started",
                "pipelines": [
                    {
                        "pipelineReference": {
                            "referenceName": "pipeline1",
                            "type": "PipelineReference"
                        },
                        "parameters": {}
                    }
                ],
                "type": "ScheduleTrigger",
                "typeProperties": {
                    "recurrence": {
                        "frequency": "Day",
                        "interval": 1,
                        "startTime": "2025-07-01T12:00:00",
                        "endTime": "2025-07-02T06:17:00",
                        "timeZone": "India Standard Time",
                        "schedule": {}
                    }
                }
            },
            "dependsOn": [
                "[concat(variables('factoryId'), '/pipelines/pipeline1')]"
            ]
        },
        {
            "name": "[concat(parameters('factoryName'), '/ScheduleTrigger')]",
            "type": "Microsoft.DataFactory/factories/triggers",
            "apiVersion": "2018-06-01",
            "properties": {
                "annotations": [],
                "runtimeState": "Started",
                "pipelines": [
                    {
                        "pipelineReference": {
                            "referenceName": "Task1_2",
                            "type": "PipelineReference"
                        },
                        "parameters": {}
                    }
                ],
                "type": "ScheduleTrigger",
                "typeProperties": {
                    "recurrence": {
                        "frequency": "Day",
                        "interval": 1,
                        "startTime": "2025-07-06T13:00:00",
                        "timeZone": "India Standard Time",
                        "schedule": {}
                    }
                }
            },
            "dependsOn": [
                "[concat(variables('factoryId'), '/pipelines/Task1_2')]"
            ]
        },
        {
            "name": "[concat(parameters('factoryName'), '/EventTrigger')]",
            "type": "Microsoft.DataFactory/factories/triggers",
            "apiVersion": "2018-06-01",
            "properties": {
                "annotations": [],
                "runtimeState": "Stopped",
                "pipelines": [
                    {
                        "pipelineReference": {
                            "referenceName": "Task1_2",
                            "type": "PipelineReference"
                        },
                        "parameters": {}
                    }
                ],
                "type": "BlobEventsTrigger",
                "typeProperties": {
                    "blobPathBeginsWith": "/csitask/blobs/",
                    "ignoreEmptyBlobs": true,
                    "scope": "[parameters('EventTrigger_properties_typeProperties_scope')]",
                    "events": [
                        "Microsoft.Storage.BlobCreated"
                    ]
                }
            },
            "dependsOn": [
                "[concat(variables('factoryId'), '/pipelines/Task1_2')]"
            ]
        },
        {
            "name": "[concat(parameters('factoryName'), '/integrationRuntimeSystem')]",
            "type": "Microsoft.DataFactory/factories/integrationRuntimes",
            "apiVersion": "2018-06-01",
            "properties": {
                "type": "SelfHosted",
                "typeProperties": {}
            },
            "dependsOn": []
        },
        {
            "name": "[concat(parameters('factoryName'), '/Json2')]",
            "type": "Microsoft.DataFactory/factories/datasets",
            "apiVersion": "2018-06-01",
            "properties": {
                "linkedServiceName": {
                    "referenceName": "AzureDataLakeStorage1",
                    "type": "LinkedServiceReference"
                },
                "parameters": {
                    "item": {
                        "type": "string"
                    }
                },
                "annotations": [],
                "type": "Json",
                "typeProperties": {
                    "location": {
                        "type": "AzureBlobFSLocation",
                        "fileName": {
                            "value": "@dataset().item",
                            "type": "Expression"
                        },
                        "folderPath": "result",
                        "fileSystem": "jsonfile"
                    }
                },
                "schema": {}
            },
            "dependsOn": [
                "[concat(variables('factoryId'), '/linkedServices/AzureDataLakeStorage1')]"
            ]
        },
        {
            "name": "[concat(parameters('factoryName'), '/Json1')]",
            "type": "Microsoft.DataFactory/factories/datasets",
            "apiVersion": "2018-06-01",
            "properties": {
                "linkedServiceName": {
                    "referenceName": "HttpServer1",
                    "type": "LinkedServiceReference"
                },
                "parameters": {
                    "item": {
                        "type": "string"
                    }
                },
                "annotations": [],
                "type": "Json",
                "typeProperties": {
                    "location": {
                        "type": "HttpServerLocation",
                        "relativeUrl": {
                            "value": "v3.1/name/@{dataset().item}",
                            "type": "Expression"
                        }
                    }
                },
                "schema": {}
            },
            "dependsOn": [
                "[concat(variables('factoryId'), '/linkedServices/HttpServer1')]"
            ]
        },
        {
            "name": "[concat(parameters('factoryName'), '/First_Csv')]",
            "type": "Microsoft.DataFactory/factories/datasets",
            "apiVersion": "2018-06-01",
            "properties": {
                "linkedServiceName": {
                    "referenceName": "AzureDataLakeStorage1",
                    "type": "LinkedServiceReference"
                },
                "annotations": [],
                "type": "DelimitedText",
                "typeProperties": {
                    "location": {
                        "type": "AzureBlobFSLocation",
                        "fileSystem": "csitask"
                    },
                    "columnDelimiter": ",",
                    "escapeChar": "\\",
                    "firstRowAsHeader": true,
                    "quoteChar": "\""
                },
                "schema": []
            },
            "dependsOn": [
                "[concat(variables('factoryId'), '/linkedServices/AzureDataLakeStorage1')]"
            ]
        },
        {
            "name": "[concat(parameters('factoryName'), '/Parquet1')]",
            "type": "Microsoft.DataFactory/factories/datasets",
            "apiVersion": "2018-06-01",
            "properties": {
                "linkedServiceName": {
                    "referenceName": "AzureDataLakeStorage1",
                    "type": "LinkedServiceReference"
                },
                "annotations": [],
                "type": "Parquet",
                "typeProperties": {
                    "location": {
                        "type": "AzureBlobFSLocation",
                        "fileSystem": "csitask"
                    },
                    "compressionCodec": "snappy"
                },
                "schema": []
            },
            "dependsOn": [
                "[concat(variables('factoryId'), '/linkedServices/AzureDataLakeStorage1')]"
            ]
        },
        {
            "name": "[concat(parameters('factoryName'), '/Avro1')]",
            "type": "Microsoft.DataFactory/factories/datasets",
            "apiVersion": "2018-06-01",
            "properties": {
                "linkedServiceName": {
                    "referenceName": "AzureDataLakeStorage1",
                    "type": "LinkedServiceReference"
                },
                "annotations": [],
                "type": "Avro",
                "typeProperties": {
                    "location": {
                        "type": "AzureBlobFSLocation",
                        "fileSystem": "csitask"
                    }
                },
                "schema": {}
            },
            "dependsOn": [
                "[concat(variables('factoryId'), '/linkedServices/AzureDataLakeStorage1')]"
            ]
        },
        {
            "name": "[concat(parameters('factoryName'), '/MySqlTable1')]",
            "type": "Microsoft.DataFactory/factories/datasets",
            "apiVersion": "2018-06-01",
            "properties": {
                "linkedServiceName": {
                    "referenceName": "MySqlConnect",
                    "type": "LinkedServiceReference"
                },
                "annotations": [],
                "type": "MySqlTable",
                "schema": [],
                "typeProperties": {
                    "tableName": "`customers`"
                }
            },
            "dependsOn": [
                "[concat(variables('factoryId'), '/linkedServices/MySqlConnect')]"
            ]
        },
        {
            "name": "[concat(parameters('factoryName'), '/DB_CSV')]",
            "type": "Microsoft.DataFactory/factories/datasets",
            "apiVersion": "2018-06-01",
            "properties": {
                "linkedServiceName": {
                    "referenceName": "AzureDataLakeStorage1",
                    "type": "LinkedServiceReference"
                },
                "annotations": [],
                "type": "DelimitedText",
                "typeProperties": {
                    "location": {
                        "type": "AzureBlobFSLocation",
                        "folderPath": "Task1",
                        "fileSystem": "csitask"
                    },
                    "columnDelimiter": ",",
                    "escapeChar": "\\",
                    "firstRowAsHeader": true,
                    "quoteChar": "\""
                },
                "schema": []
            },
            "dependsOn": [
                "[concat(variables('factoryId'), '/linkedServices/AzureDataLakeStorage1')]"
            ]
        },
        {
            "name": "[concat(parameters('factoryName'), '/MySQLTable_Generic')]",
            "type": "Microsoft.DataFactory/factories/datasets",
            "apiVersion": "2018-06-01",
            "properties": {
                "linkedServiceName": {
                    "referenceName": "MySqlConnect",
                    "type": "LinkedServiceReference"
                },
                "parameters": {
                    "tableName": {
                        "type": "string"
                    }
                },
                "annotations": [],
                "type": "MySqlTable",
                "schema": [],
                "typeProperties": {
                    "tableName": {
                        "value": "@dataset().tableName",
                        "type": "Expression"
                    }
                }
            },
            "dependsOn": [
                "[concat(variables('factoryId'), '/linkedServices/MySqlConnect')]"
            ]
        },
        {
            "name": "[concat(parameters('factoryName'), '/DelimitedText1')]",
            "type": "Microsoft.DataFactory/factories/datasets",
            "apiVersion": "2018-06-01",
            "properties": {
                "linkedServiceName": {
                    "referenceName": "AzureDataLakeStorage1",
                    "type": "LinkedServiceReference"
                },
                "parameters": {
                    "tableName": {
                        "type": "string"
                    }
                },
                "annotations": [],
                "type": "DelimitedText",
                "typeProperties": {
                    "location": {
                        "type": "AzureBlobFSLocation",
                        "fileName": {
                            "value": "@{concat(dataset().tableName, '.csv')}\n",
                            "type": "Expression"
                        },
                        "fileSystem": {
                            "value": "csitask/@{dataset().tableName}/\n",
                            "type": "Expression"
                        }
                    },
                    "columnDelimiter": ",",
                    "escapeChar": "\\",
                    "firstRowAsHeader": true,
                    "quoteChar": "\""
                },
                "schema": []
            },
            "dependsOn": [
                "[concat(variables('factoryId'), '/linkedServices/AzureDataLakeStorage1')]"
            ]
        },
        {
            "name": "[concat(parameters('factoryName'), '/NewDataSet')]",
            "type": "Microsoft.DataFactory/factories/datasets",
            "apiVersion": "2018-06-01",
            "properties": {
                "linkedServiceName": {
                    "referenceName": "MySqlConnect",
                    "type": "LinkedServiceReference"
                },
                "annotations": [],
                "type": "MySqlTable",
                "schema": [],
                "typeProperties": {}
            },
            "dependsOn": [
                "[concat(variables('factoryId'), '/linkedServices/MySqlConnect')]"
            ]
        },
        {
            "name": "[concat(parameters('factoryName'), '/pipeline1')]",
            "type": "Microsoft.DataFactory/factories/pipelines",
            "apiVersion": "2018-06-01",
            "properties": {
                "activities": [
                    {
                        "name": "ForEach1",
                        "type": "ForEach",
                        "dependsOn": [],
                        "userProperties": [],
                        "typeProperties": {
                            "items": {
                                "value": "@pipeline().parameters.countryName",
                                "type": "Expression"
                            },
                            "activities": [
                                {
                                    "name": "FetchData",
                                    "type": "Copy",
                                    "dependsOn": [],
                                    "policy": {
                                        "timeout": "0.12:00:00",
                                        "retry": 0,
                                        "retryIntervalInSeconds": 30,
                                        "secureOutput": false,
                                        "secureInput": false
                                    },
                                    "userProperties": [],
                                    "typeProperties": {
                                        "source": {
                                            "type": "JsonSource",
                                            "storeSettings": {
                                                "type": "HttpReadSettings",
                                                "requestMethod": "GET"
                                            },
                                            "formatSettings": {
                                                "type": "JsonReadSettings"
                                            }
                                        },
                                        "sink": {
                                            "type": "JsonSink",
                                            "storeSettings": {
                                                "type": "AzureBlobFSWriteSettings"
                                            },
                                            "formatSettings": {
                                                "type": "JsonWriteSettings"
                                            }
                                        },
                                        "enableStaging": false
                                    },
                                    "inputs": [
                                        {
                                            "referenceName": "Json1",
                                            "type": "DatasetReference",
                                            "parameters": {
                                                "item": {
                                                    "value": "@item()",
                                                    "type": "Expression"
                                                }
                                            }
                                        }
                                    ],
                                    "outputs": [
                                        {
                                            "referenceName": "Json2",
                                            "type": "DatasetReference",
                                            "parameters": {
                                                "item": {
                                                    "value": "@item()",
                                                    "type": "Expression"
                                                }
                                            }
                                        }
                                    ]
                                }
                            ]
                        }
                    }
                ],
                "policy": {
                    "elapsedTimeMetric": {}
                },
                "parameters": {
                    "countryName": {
                        "type": "array",
                        "defaultValue": [
                            "india",
                            "us",
                            "uk",
                            "china",
                            "russia"
                        ]
                    }
                },
                "annotations": [],
                "lastPublishTime": "2025-07-01T06:21:25Z"
            },
            "dependsOn": [
                "[concat(variables('factoryId'), '/datasets/Json1')]",
                "[concat(variables('factoryId'), '/datasets/Json2')]"
            ]
        },
        {
            "name": "[concat(parameters('factoryName'), '/Task1_2')]",
            "type": "Microsoft.DataFactory/factories/pipelines",
            "apiVersion": "2018-06-01",
            "properties": {
                "activities": [
                    {
                        "name": "CopyDataTo_CSV_AVIRO_PARQUET",
                        "type": "Copy",
                        "dependsOn": [],
                        "policy": {
                            "timeout": "0.12:00:00",
                            "retry": 0,
                            "retryIntervalInSeconds": 30,
                            "secureOutput": false,
                            "secureInput": false
                        },
                        "userProperties": [],
                        "typeProperties": {
                            "source": {
                                "type": "MySqlSource"
                            },
                            "sink": {
                                "type": "ParquetSink",
                                "storeSettings": {
                                    "type": "AzureBlobFSWriteSettings"
                                },
                                "formatSettings": {
                                    "type": "ParquetWriteSettings"
                                }
                            },
                            "enableStaging": false,
                            "translator": {
                                "type": "TabularTranslator",
                                "typeConversion": true,
                                "typeConversionSettings": {
                                    "allowDataTruncation": true,
                                    "treatBooleanAsNumber": false
                                }
                            }
                        },
                        "inputs": [
                            {
                                "referenceName": "MySqlTable1",
                                "type": "DatasetReference",
                                "parameters": {}
                            }
                        ],
                        "outputs": [
                            {
                                "referenceName": "Parquet1",
                                "type": "DatasetReference",
                                "parameters": {}
                            }
                        ]
                    }
                ],
                "policy": {
                    "elapsedTimeMetric": {}
                },
                "annotations": [],
                "lastPublishTime": "2025-07-06T07:29:48Z"
            },
            "dependsOn": [
                "[concat(variables('factoryId'), '/datasets/MySqlTable1')]",
                "[concat(variables('factoryId'), '/datasets/Parquet1')]"
            ]
        },
        {
            "name": "[concat(parameters('factoryName'), '/Task 3_4_copy1')]",
            "type": "Microsoft.DataFactory/factories/pipelines",
            "apiVersion": "2018-06-01",
            "properties": {
                "activities": [
                    {
                        "name": "GetTables",
                        "type": "Lookup",
                        "dependsOn": [],
                        "policy": {
                            "timeout": "0.12:00:00",
                            "retry": 0,
                            "retryIntervalInSeconds": 30,
                            "secureOutput": false,
                            "secureInput": false
                        },
                        "userProperties": [],
                        "typeProperties": {
                            "source": {
                                "type": "MySqlSource",
                                "query": "SELECT table_name AS table_name\nFROM information_schema.tables\nWHERE table_schema = 'student';\n"
                            },
                            "dataset": {
                                "referenceName": "NewDataSet",
                                "type": "DatasetReference",
                                "parameters": {}
                            },
                            "firstRowOnly": false
                        }
                    },
                    {
                        "name": "ForEach1",
                        "type": "ForEach",
                        "dependsOn": [
                            {
                                "activity": "GetTables",
                                "dependencyConditions": [
                                    "Completed"
                                ]
                            }
                        ],
                        "userProperties": [],
                        "typeProperties": {
                            "items": {
                                "value": "@activity('GetTables').output.value",
                                "type": "Expression"
                            },
                            "activities": [
                                {
                                    "name": "Copy data1",
                                    "type": "Copy",
                                    "dependsOn": [],
                                    "policy": {
                                        "timeout": "0.12:00:00",
                                        "retry": 0,
                                        "retryIntervalInSeconds": 30,
                                        "secureOutput": false,
                                        "secureInput": false
                                    },
                                    "userProperties": [],
                                    "typeProperties": {
                                        "source": {
                                            "type": "MySqlSource"
                                        },
                                        "sink": {
                                            "type": "DelimitedTextSink",
                                            "storeSettings": {
                                                "type": "AzureBlobFSWriteSettings"
                                            },
                                            "formatSettings": {
                                                "type": "DelimitedTextWriteSettings",
                                                "quoteAllText": true,
                                                "fileExtension": ".txt"
                                            }
                                        },
                                        "enableStaging": false,
                                        "translator": {
                                            "type": "TabularTranslator",
                                            "typeConversion": true,
                                            "typeConversionSettings": {
                                                "allowDataTruncation": true,
                                                "treatBooleanAsNumber": false
                                            }
                                        }
                                    },
                                    "inputs": [
                                        {
                                            "referenceName": "MySQLTable_Generic",
                                            "type": "DatasetReference",
                                            "parameters": {
                                                "tableName": {
                                                    "value": "@replace(replace(replace(replace(trim(item().table_name), '\\r', ''), '\\n', ''), '.', '_'), ' ', '_')\n",
                                                    "type": "Expression"
                                                }
                                            }
                                        }
                                    ],
                                    "outputs": [
                                        {
                                            "referenceName": "DelimitedText1",
                                            "type": "DatasetReference",
                                            "parameters": {
                                                "tableName": {
                                                    "value": "@replace(replace(replace(replace(trim(item().table_name), '\\r', ''), '\\n', ''), '.', '_'), ' ', '_')\n",
                                                    "type": "Expression"
                                                }
                                            }
                                        }
                                    ]
                                }
                            ]
                        }
                    }
                ],
                "policy": {
                    "elapsedTimeMetric": {}
                },
                "annotations": [],
                "lastPublishTime": "2025-07-07T03:13:53Z"
            },
            "dependsOn": [
                "[concat(variables('factoryId'), '/datasets/NewDataSet')]",
                "[concat(variables('factoryId'), '/datasets/MySQLTable_Generic')]",
                "[concat(variables('factoryId'), '/datasets/DelimitedText1')]"
            ]
        },
        {
            "name": "[concat(parameters('factoryName'), '/Task 3_4')]",
            "type": "Microsoft.DataFactory/factories/pipelines",
            "apiVersion": "2018-06-01",
            "properties": {
                "activities": [
                    {
                        "name": "GetTables",
                        "type": "Lookup",
                        "dependsOn": [],
                        "policy": {
                            "timeout": "0.12:00:00",
                            "retry": 0,
                            "retryIntervalInSeconds": 30,
                            "secureOutput": false,
                            "secureInput": false
                        },
                        "userProperties": [],
                        "typeProperties": {
                            "source": {
                                "type": "MySqlSource",
                                "query": "SELECT table_name AS table_name\nFROM information_schema.tables\nWHERE table_schema = 'student';\n"
                            },
                            "dataset": {
                                "referenceName": "NewDataSet",
                                "type": "DatasetReference",
                                "parameters": {}
                            },
                            "firstRowOnly": false
                        }
                    },
                    {
                        "name": "ForEach1",
                        "type": "ForEach",
                        "dependsOn": [
                            {
                                "activity": "GetTables",
                                "dependencyConditions": [
                                    "Completed"
                                ]
                            }
                        ],
                        "userProperties": [],
                        "typeProperties": {
                            "items": {
                                "value": "@activity('GetTables').output.value",
                                "type": "Expression"
                            },
                            "activities": [
                                {
                                    "name": "Copy data1",
                                    "type": "Copy",
                                    "dependsOn": [],
                                    "policy": {
                                        "timeout": "0.12:00:00",
                                        "retry": 0,
                                        "retryIntervalInSeconds": 30,
                                        "secureOutput": false,
                                        "secureInput": false
                                    },
                                    "userProperties": [],
                                    "typeProperties": {
                                        "source": {
                                            "type": "MySqlSource"
                                        },
                                        "sink": {
                                            "type": "DelimitedTextSink",
                                            "storeSettings": {
                                                "type": "AzureBlobFSWriteSettings"
                                            },
                                            "formatSettings": {
                                                "type": "DelimitedTextWriteSettings",
                                                "quoteAllText": true,
                                                "fileExtension": ".txt"
                                            }
                                        },
                                        "enableStaging": false,
                                        "translator": {
                                            "type": "TabularTranslator",
                                            "typeConversion": true,
                                            "typeConversionSettings": {
                                                "allowDataTruncation": true,
                                                "treatBooleanAsNumber": false
                                            }
                                        }
                                    },
                                    "inputs": [
                                        {
                                            "referenceName": "MySQLTable_Generic",
                                            "type": "DatasetReference",
                                            "parameters": {
                                                "tableName": {
                                                    "value": "@replace(replace(replace(replace(trim(item().table_name), '\\r', ''), '\\n', ''), '.', '_'), ' ', '_')\n",
                                                    "type": "Expression"
                                                }
                                            }
                                        }
                                    ],
                                    "outputs": [
                                        {
                                            "referenceName": "DelimitedText1",
                                            "type": "DatasetReference",
                                            "parameters": {
                                                "tableName": {
                                                    "value": "@replace(replace(replace(replace(trim(item().table_name), '\\r', ''), '\\n', ''), '.', '_'), ' ', '_')\n",
                                                    "type": "Expression"
                                                }
                                            }
                                        }
                                    ]
                                }
                            ]
                        }
                    }
                ],
                "policy": {
                    "elapsedTimeMetric": {}
                },
                "annotations": [],
                "lastPublishTime": "2025-07-07T03:13:53Z"
            },
            "dependsOn": [
                "[concat(variables('factoryId'), '/datasets/NewDataSet')]",
                "[concat(variables('factoryId'), '/datasets/MySQLTable_Generic')]",
                "[concat(variables('factoryId'), '/datasets/DelimitedText1')]"
            ]
        }
    ]
}