{
    "$schema": "http://schema.management.azure.com/schemas/2015-01-01/deploymentTemplate.json#",
    "contentVersion": "1.0.0.0",
    "parameters": {
        "factoryName": {
            "type": "string",
            "metadata": "Data Factory name",
            "defaultValue": "CsiFetch"
        },
        "AzureDataLakeStorage1_accountKey": {
            "type": "secureString",
            "metadata": "Secure string for 'accountKey' of 'AzureDataLakeStorage1'"
        },
        "MySqlConnect_password": {
            "type": "secureString",
            "metadata": "Secure string for 'password' of 'MySqlConnect'"
        },
        "AzureDataLakeStorage1_properties_typeProperties_url": {
            "type": "string",
            "defaultValue": "https://fetch.dfs.core.windows.net/"
        },
        "HttpServer1_properties_typeProperties_url": {
            "type": "string",
            "defaultValue": "https://restcountries.com/"
        },
        "MySqlConnect_properties_typeProperties_server": {
            "type": "string",
            "defaultValue": "127.0.0.1"
        },
        "MySqlConnect_properties_typeProperties_database": {
            "type": "string",
            "defaultValue": "student"
        },
        "MySqlConnect_properties_typeProperties_username": {
            "type": "string",
            "defaultValue": "root"
        },
        "EventTrigger_properties_typeProperties_scope": {
            "type": "string",
            "defaultValue": "/subscriptions/39b339e2-feb3-420f-bc2a-7359b7eaccd2/resourceGroups/CSI_PROJECT/providers/Microsoft.Storage/storageAccounts/fetch"
        },
        "containerUri": {
            "type": "string",
            "metadata": "URI to storage account containing linked ARM templates"
        },
        "containerSasToken": {
            "type": "string",
            "metadata": "Sas token to storage account containing linked ARM templates"
        }
    },
    "variables": {
        "factoryId": "[concat('Microsoft.DataFactory/factories/', parameters('factoryName'))]"
    },
    "resources": [
        {
            "name": "CsiFetch_ArmTemplate_0",
            "type": "Microsoft.Resources/deployments",
            "apiVersion": "2024-03-01",
            "properties": {
                "mode": "incremental",
                "templateLink": {
                    "uri": "[concat(parameters('containerUri'), '/ArmTemplate_0.json', parameters('containerSasToken'))]",
                    "contentVersion": "1.0.0.0"
                },
                "parameters": {
                    "factoryName": {
                        "value": "[parameters('factoryName')]"
                    },
                    "AzureDataLakeStorage1_accountKey": {
                        "value": "[parameters('AzureDataLakeStorage1_accountKey')]"
                    },
                    "MySqlConnect_password": {
                        "value": "[parameters('MySqlConnect_password')]"
                    },
                    "AzureDataLakeStorage1_properties_typeProperties_url": {
                        "value": "[parameters('AzureDataLakeStorage1_properties_typeProperties_url')]"
                    },
                    "HttpServer1_properties_typeProperties_url": {
                        "value": "[parameters('HttpServer1_properties_typeProperties_url')]"
                    },
                    "MySqlConnect_properties_typeProperties_server": {
                        "value": "[parameters('MySqlConnect_properties_typeProperties_server')]"
                    },
                    "MySqlConnect_properties_typeProperties_database": {
                        "value": "[parameters('MySqlConnect_properties_typeProperties_database')]"
                    },
                    "MySqlConnect_properties_typeProperties_username": {
                        "value": "[parameters('MySqlConnect_properties_typeProperties_username')]"
                    }
                }
            },
            "dependsOn": []
        },
        {
            "name": "CsiFetch_ArmTemplate_1",
            "type": "Microsoft.Resources/deployments",
            "apiVersion": "2024-03-01",
            "properties": {
                "mode": "incremental",
                "templateLink": {
                    "uri": "[concat(parameters('containerUri'), '/ArmTemplate_1.json', parameters('containerSasToken'))]",
                    "contentVersion": "1.0.0.0"
                },
                "parameters": {
                    "factoryName": {
                        "value": "[parameters('factoryName')]"
                    },
                    "EventTrigger_properties_typeProperties_scope": {
                        "value": "[parameters('EventTrigger_properties_typeProperties_scope')]"
                    }
                }
            },
            "dependsOn": [
                "[resourceId('Microsoft.Resources/deployments', 'CsiFetch_ArmTemplate_0')]"
            ]
        }
    ]
}