{
    "$schema": "https://schema.management.azure.com/schemas/2015-01-01/deploymentParameters.json#",
    "contentVersion": "1.0.0.0",
    "parameters": {
        "factoryName": {
            "value": "CsiFetch"
        },
        "AzureDataLakeStorage1_accountKey": {
            "value": ""
        },
        "MySqlConnect_password": {
            "value": ""
        },
        "AzureDataLakeStorage1_properties_typeProperties_url": {
            "value": "https://fetch.dfs.core.windows.net/"
        },
        "HttpServer1_properties_typeProperties_url": {
            "value": "https://restcountries.com/"
        },
        "MySqlConnect_properties_typeProperties_server": {
            "value": "127.0.0.1"
        },
        "MySqlConnect_properties_typeProperties_database": {
            "value": "student"
        },
        "MySqlConnect_properties_typeProperties_username": {
            "value": "root"
        },
        "EventTrigger_properties_typeProperties_scope": {
            "value": "/subscriptions/39b339e2-feb3-420f-bc2a-7359b7eaccd2/resourceGroups/CSI_PROJECT/providers/Microsoft.Storage/storageAccounts/fetch"
        },
        "containerUri": {
            "value": ""
        },
        "containerSasToken": {
            "value": ""
        }
    }
}